
SET SQL_MODE = "NO_AUTO_VALUE_ON_ZERO";
START TRANSACTION;
SET time_zone = "+00:00";

INSERT INTO `equipotrabajos` (`id`, `nombre`, `cargo`, `descripcion`, `created_at`, `updated_at`) VALUES
(1, 'Evelin Patricia Gutierrez Castro', 'Coordinadora', 'Licenciada en Relaciones Internacionales y Maestra en Ciencias\nPolíticas, Evelin Gutiérrez, asignada para coordinar la Secretaría de\nPosgrados de la Universidad de El Salvador con el objetivo de unificar\nel sistema de Posgrados de las 12 facultades con las que cuenta este máximo centro de estudios de Educación Superior.', '2021-11-02 07:07:15', '2021-11-02 07:11:13'),
(2, 'Nancy Orellana', 'Área de comunicaciones', 'Licenciada en Periodismo, Nancy Orellana, asignada para en el área de Comunicaciones de la Secretaría de Posgrados', '2021-11-02 07:11:04', '2021-11-02 07:11:04'),
(3, 'Sandra Hernández', 'Asistente Administrativo', 'Sandra Hernández, Asistente Administrativo de la Secretaría de\nPosgrado', '2021-11-02 07:11:50', '2021-11-02 07:11:50');
COMMIT;

INSERT INTO `reseniahistoricas` (`id`, `anio`, `importancia`, `descripcion`, `created_at`, `updated_at`) VALUES
(1, 1841, 1, 'Por decreto de la Asamblea Legislativa, la Universidad de El Salvador se crea el 16 de febrero, siendo la primera universidad en el territorio nacional además de ser la única Universidad pública hasta la actualidad.', NULL, NULL),
(2, 1843, 2, 'Inicia sus actividades impartiendo matemáticas puras, lógica,\r\nmoral, metafísica y física general.', NULL, NULL),
(3, 1880, 2, 'por resolución del Poder Ejecutivo se subdividió en Facultades, algunas de las cuales desaparecieron tiempo después y otras nuevas fueron creadas.', NULL, NULL),
(4, 1937, 2, 'por solicitud de las autoridades universitarias, el Gobierno de la República formaliza la compraventa de 20 manzanas de terreno de la\r\nfinca San Carlos, ubicada al norte de la ciudad de San Salvador.', NULL, NULL),
(5, 1947, 1, 'La UES inicia las obras de construcción de la actual Ciudad\r\nUniversitaria.', NULL, NULL),
(6, 1949, 2, 'Se amplía el predio de la UES mediante la compraventa de 19 manzanas más, aunque su campus central está ubicado en el\r\ndepartamento de San Salvador con 9 Facultades, también, cuenta con tres sedes departamentales: la Facultad Multidisciplinaria Occidental, en el departamento de Santa Ana, la Facultad Multidisciplinaria Paracentral, en el departamento de San Vicente y la Facultad Multidisciplinaria Oriental, en el departamento de San Miguel.', NULL, NULL),
(7, 1992, 2, 'Después de los Acuerdos de Paz que puso fin al conflicto armado\r\nen el país, la UES logra recuperar su patrimonio físico para continuar\r\ncon la excelencia académica, además se el artículo 61 de la\r\nConstitución de la República de El Salvador garantiza que la\r\nUniversidad de El Salvador goza de autonomía académica,\r\nadministrativa y financiera.', NULL, NULL),
(8, 2004, 2, 'se presentó un documento al Consejo Superior\r\nUniversitario como propuesta de reglamento general del Sistema de\r\nEstudios de Posgrado en el que se considera indispensable la emisión\r\ndel Reglamento General del Sistema de Estudios de Postgrado para\r\nfortalecer el desarrollo de dichos estudios y garantizar su efectiva\r\norganización y funcionamiento en la Universidad de El Salvador. En\r\neste documento se formularon las disposiciones generales, entre ellas\r\nsu objetivo, encaminado a formar docentes y estudiantes\r\ninvestigadores del más alto nivel, capaces de desarrollar actividades\r\nen forma independiente y provechosa para la comunidad salvadoreña\r\ny regional.', NULL, NULL),
(9, 2008, 1, 'se presenta un plan estratégico de trabajo del Sistema de\r\nPosgrado dirigido al Rector y vicerrectores en turno, con el propósito\r\nde analizar, debatir y aprobar su aplicación en los próximos años.', NULL, NULL),
(10, 2009, 1, 'se inicia la creación de Escuelas de Posgrado, las\r\nfacultades de Ciencias y Humanidades, Odontología, Medicina,\r\nAgronomía y Multidisciplinaria Paracentral (San Vicente) presentaron\r\nsus proyectos de creación de Escuelas de posgrados en sus facultades.\r\nEn la propuesta de Escuela de Posgrado, también se incorporó el\r\nprograma de Educación Continua, es decir la implementación de\r\ncursos y diplomados para el fortalecimiento profesional de las\r\nFacultades y en adquisición de nuevas metodologías y técnicas que\r\n\r\nmejorarán el ejercicio de la docencia y de la investigación.', NULL, NULL),
(11, 2011, 2, 'El Posgrado de la Universidad de El Salvador (UES) se regula\r\nformalmente por el instrumento jurídico denominado Reglamento\r\nGeneral del Sistema de Posgrado (Diario Oficial, Tomo 390, N°38,\r\nfebrero de 2011). Según este normativo, el posgrado se organiza\r\ncomo SISTEMA, siendo sus componentes a) la Vicerrectoría\r\nAcadémica, b) la Secretaría de Posgrado (nivel central), c) las\r\ndiferentes Escuelas de Posgrado de las respectivas Facultades y d) los\r\nConsejos de Posgrado de Facultad. Según lo establece el artículo 11\r\ndel Reglamento de Posgrados, funcionalmente, el sistema está bajo la\r\ndependencia jerárquica de la Vicerrectoría Académica, pero es\r\nadministrado, coordinado, supervisado y evaluado por la Secretaría de\r\nPosgrado de la UES a nivel central y por las Escuelas de Posgrado de\r\nlas Facultades.', NULL, NULL),
(12, 2014, 1, 'El reconocimiento a la excelencia académica llevó a la UES a\r\nclasificarse en el Ranking Mundial de Universidades en la Web, esto\r\nclasificó a la UES como la mejor universidad de la República de El\r\nSalvador, ubicando al Alma Máter en la posición 3453 a nivel\r\ninternacional.', NULL, NULL),
(13, 2018, 2, 'autoridades de la UES solicitaron al Presidente del Alto Consejo\r\nde Evaluación de la Investigación en la Educación Superior (Hcéres)\r\nFrancia, el inicio del proceso de acreditación institucional.', NULL, NULL),
(14, 2019, 1, 'en octubre Hcéres otorgó la acreditación institucional a la\r\nUniversidad de El Salvador por un periodo de 5 años.', NULL, NULL),
(15, 2021, 2, 'A lo largo de su existencia la Universidad de El Salvador ha sido\r\ntestigo y protagonista de importantes cambios políticos y sociales del\r\npaís, ha superado daños en infraestructuras causados por terremotos,\r\nocupaciones militares que prolongaron el cierre del campus en varias\r\nocasiones, represión y persecución política de sus estudiantes y\r\ntrabajadores en un contexto de guerra civil.', NULL, NULL),
(16, 2021, 2, 'Actualmente, la UES ha logrado ampliar la oferta académica de\r\nPosgrado: 79 carreras en modalidad presencial y 7 a distancia; 71\r\nmaestrías, 9 doctorados, 27 especialidades médicas y 44 diplomados\r\ncomo parte de la educación continua.', NULL, NULL),
(17, 2021, 2, 'La UES logró designar al 2021 como el año de la gratuidad\r\nbeneficiando a los aspirantes de pregrado procedentes de\r\ninstituciones públicas y privadas, exonerando la matrícula y cuota de\r\nescolaridad. En la actualidad las autoridades universitarias continúan y\r\ncontinuarán trabajando para que los Posgrados que ofrece la\r\nUniversidad de El Salvador, respondan a la creciente necesidad de\r\nformación especializada que demanda la sociedad salvadoreña en el\r\ncontexto nacional.', NULL, NULL);
COMMIT;


INSERT INTO `tipo_duracions` (`id`, `nombre`) VALUES
(1, 'Semanas'),
(2, 'Ciclos'),
(3, 'Horas'),
(4, 'Meses'),
(5, 'Mes'),
(6, 'Año'),
(7, 'Años'),
(8, 'Niveles'),
(9, 'Sin Definir');
COMMIT;

INSERT INTO `modalidades` (`id`, `nombre`, `color`, `clase`) VALUES
(1, 'Presencial', 'Rojo','bg-danger'),
(2, 'En Linea', 'Amarillo','bg-warning text-dark'),
(3, 'Semi Presencial', 'Azul','bg-primary');
COMMIT;

INSERT INTO `tipo_programas` (`id`, `nombre`) VALUES
(1, 'Doctorado'),
(2, 'Maestría'),
(3, 'Especialidad Medica');
COMMIT;

INSERT INTO `facultades` (`id`, `urlImagen`, `nombre`, `telefonoPosgrado`, `extPosgrado`, `correoPosgrado`, `color`, `descripcion`, `created_at`, `updated_at`) VALUES
(1, 'https://i.imgur.com/qzy1KTk.jpg', 'Facultad de Ciencias Agronómicas', '22252572', '-', 'posgrado.agronomia@ues.edu.sv', '#385E07', 'Fue creada en 1964, ha graduado a profesionales que han ostentado honrosos cargos públicos o privados debido a la excelencia académica que es brindada en la Facultad.', NULL, NULL),
(2, 'https://i.imgur.com/wFiPiOI.jpg', 'Facultad de Ciencias Económicas', '25210177', '-', 'doctorado.economia@ues.edu.sv', '#c47048', 'Se fundó el 7 de febrero de 1946, con la carrera de Economía y Finanzas. En la actualidad y después de 75 años, ofrece cuatro carreras en el nivel de: Licenciatura en Economía, Contaduría Pública, Mercadeo Internacional y Administración de Empresa', NULL, NULL),
(3, 'https://i.imgur.com/ffHfKRK.jpg', 'Facultad de Ciencias y Humanidades', '25115589', '5590', 'escueladeposgradohumanidades@gmail.com', '#96cde2', 'Nació el 13 de octubre de 1948, con la Misión de formar profesionales en los campos de las ciencias sociales, las artes, las comunicaciones, la investigación, la docencia, la proyección social.', NULL, NULL),
(4, 'https://i.imgur.com/awSGIUA.jpg', 'Facultad de Ciencias Naturales y Matemáticas', '22261948', '-', 'carlos.rudamas@ues.edu.sv', '#101D7E', 'La Facultad de Ciencias Naturales y Matemáticas nació el 5 de septiembre de 1991.', NULL, NULL),
(5, 'https://i.imgur.com/BDlGs3A.jpg', 'Facultad de Ingeniería y Arquitectura', '22350235', '-', 'uposgrados@fias.ues.edu.sv', '#202864', 'La Facultad de Ingeniería y Arquitectura tiene la misión de proporcionar al estudiante de Ingeniería y Arquitectura una formación de calidad en las áreas de física, matemática, estadística y metodología de la investigación científica', NULL, NULL),
(6, 'https://i.imgur.com/RjDuMzI.jpg', 'Facultad de Jurisprudencia y Ciencias Sociales', '22251490', '-', '-', '#63A70C', 'Por resolución del Poder Ejecutivo del 19 de octubre de 1880, se crea la Facultad de Derecho, Su visión es ser la mejor opción y ser reconocida en el ámbito nacional y regional en la formación de profesionales de alta calidad', NULL, NULL),
(7, 'https://i.imgur.com/TJQ38cv.jpg', 'Facultad de Medicina', '25112000', '6082', 'maestrias.medicina@ues.edu.sv', '#70C5BC', 'La Facultad de Medicina de la Universidad de El Salvador fue creada en 1847, tiene la misión de formar recursos humanos en salud de elevada calidad científica, técnica y humana, desarrollar la investigación y la generación de conocimiento científico', NULL, NULL),
(8, 'https://i.imgur.com/FyrE4pY.jpg', 'Facultad de Odontología', '22257198', '4745/4747', 'posgrado.foues@ues.edu.sv', '#410778', 'La Facultad de Odontología de la Universidad de El Salvador nace en 1885, Líder e incidente respecto a las diferentes estructuras sociales que actúan en el ámbito de la salud bucal, generando nuevos  conocimientos y propiciando su transformación.', NULL, NULL),
(9, 'https://i.imgur.com/179cWRC.jpg', 'Facultad de Química y Farmacia', '25112000', '7510/7515', 'posgrado.fqf@ues.edu.sv', '#0b811', 'Nueve años después de haber sido fundada la Universidad de El Salvador nace la Facultad de Química y Farmacia en 1850, bajo el nombre de Facultad de Farmacia.', NULL, NULL),
(10, 'https://i.imgur.com/bCJ1MMD.jpg', 'Facultad de Multidisciplinaria de Oriente', '24840555', '-', 'posgrado.fqf@ues.edu.sv', '#630303', 'Cuenta con la extensión del Centro Universitario en Ahuachapán en el que imparte cursos y diplomados. También cuenta el Programa Extramural de Posgrado en Sonsonate en el que oferta dos maestrías.', NULL, NULL),
(11, 'https://i.imgur.com/bN57Z9h.jpg', 'Facultad de Multidisciplinaria de Oriente', '26689203', '-', 'escuelaposgrado.fmo@ues.edu.sv', '#630303', 'El 17 de junio de 1969, fue creado oficialmente el Centro Universitario de Oriente, con sede en la ciudad de San Miguel, Posteriormente fue transformado en Facultad Multidisciplinaria el 04 de junio de 1992.', NULL, NULL),
(12, 'https://i.imgur.com/tRtyRCP.jpg', 'Facultad de Multidisciplinaria Paracentral', '23931993', '-', 'postgrado.fmp@ues.edu.sv', '#630303', 'Es una de las más recientes de las faculta descentralizadas con las que cuenta la UES. Esta Facultad fue creada el 27 de abril de 1989 bajo el nombre de Centro Regional pero, fue hasta el año de 1992 paso a ser Facultad Multidisciplinaria', NULL, NULL);
COMMIT;

INSERT INTO `posgrados` (`id`, `urlImagen`, `facultad_id`, `nombre`, `descripcion`, `titulo`, `tipo_programa_id`, `ofertado`, `created_at`, `updated_at`) VALUES
(1, 'none', 1, 'Maestría en Ciencias en Agricultura Sostenible', 'Orientado al estudio de un proceso que promueve el conocimiento y aplicación de buenas\r\nprácticas agrícolas que incentiven la aplicación de estrategias metodológicas, herramientas y\r\nuso de tecnologías que apoyen la producción de alimentos para la población en general a\r\ntravés del mejoramiento de los medios de vida de la población rural y el buen uso de los\r\nrecursos naturales con el fin de maximizar el bien social y económico resultante de manera\r\nequitativa sin comprometer la sostenibilidad de los ecosistemas vitales desde una perspectiva\r\ninter y multidisciplinaria.', 'Master en Ciencias en Agricultura Sostenible', 2, 1, NULL, NULL),
(2, 'none', 1, 'Maestría en Ciencias en Manejo de Cuencas Hidrográficas', 'Orientado a promover la cuenca hidrográfica como ámbito de planificación y manejo de los\r\nrecursos naturales, considerando la interacción dinámica entre los sistemas naturales y\r\nhumanos. El sistema natural resulta de vital importancia para la calidad y la disponibilidad del\r\nrecurso hídrico, mientras que el sistema humano determina fundamentalmente el uso del\r\nrecurso, la contaminación y producción de desechos y establece las prioridades de desarrollo.', 'Master en Ciencias en Manejo de Cuencas Hidrográficas', 2, 1, NULL, NULL),
(3, 'none', 1, 'Maestría en Ciencias en Gestión Integral del Agua', 'La MCGIA es un programa multidisciplinario que pretende formar a profesionales de distintas\r\nramas como las ingenierías, ciencias naturales y sociales, para contribuir a la solución de la\r\nproblemática hídrica nacional e internacional. Para ello, cuenta con un grupo de profesores\r\nespecializados en las distintas ramas del programa, quienes, a través del proceso de\r\nenseñanza – aprendizaje, transmiten conocimientos a los estudiantes, buscando su\r\nprofesionalización y trabajo científico para contribuir al desarrollo de su ámbito y país de\r\ninfluencia.', 'Master en Ciencias en Gestión Integral del Agua', 2, 1, NULL, NULL),
(4, 'none', 1, 'Maestría en Ciencias en Sistemas de Información Geográfica', '-', 'Master en Ciencias en Sistemas de Información Geográfica', 2, 1, NULL, NULL),
(5, 'none', 2, 'Maestría en Administración Financiera', 'La MAF se orienta a crear capacidades gerenciales. Se aspira formar managers con un sólido\r\npensamiento estratégico y efectivas competencias, que incrementen el valor de su\r\norganización, complementados con una refinada formación científica que fundamente\r\nsólidamente sus criterios y decisiones. Genuinamente comprometidos con los valores,\r\nconducta ética y los “factores humanos” propios de las empresas modernas.', 'Master en Administración Financiera.', 2, 1, NULL, NULL),
(6, 'none', 2, 'Maestría en Consultoría Empresarial', 'La alta competitividad que existe entre las distintas empresas hace necesario que éstas deban\r\noptimizar al máximo sus recursos y para ello existen organizaciones específicas encargadas de\r\ninvestigar y velar por el buen funcionamiento competitivo de la empresa; éstos prestan\r\nservicios de consultoría brindados por profesionales que, en nuestro caso, son formados\r\nsistemáticamente por la Maestría en Consultoría Empresarial (MAECE).', 'Master en Consultoría Empresarial.', 2, 1, NULL, NULL),
(7, 'none', 2, 'Maestría en Sistemas Integrados de Gestión de Calidad', 'La globalización y la competitividad actual obliga a las organizaciones y a los profesionales\r\na actualizar sus competencias para aumentar sus posibilidades de desarrollo profesional,\r\npara lo cual la Facultad de Ciencias Económicas de la Universidad de El Salvador ofrece la\r\noportunidad de cumplir académicamente con un programa de postgrado en el área de\r\nsistemas integrados de gestión de calidad, ambiente y seguridad y salud en el trabajo;\r\nenfocado en las tendencias en sistemas de gestión de calidad, ambiente, salud y seguridad\r\nen el trabajo y otros ámbitos emergentes de gestión, en base a normas nacionales,\r\nregionales e internacionales.', 'Master en Sistemas Integrados de Gestión de Calidad.', 2, 1, NULL, NULL),
(8, 'none', 2, 'Maestría en Políticas Públicas', 'El enfoque de la Maestría en Políticas Públicas, de la Facultad de Ciencias Económicas,\r\nUniversidad de El Salvador, pretende contribuir a que los tomadores de decisiones de política\r\nadquieran el cúmulo de teoría y práctica idóneos en materia de políticas públicas y gestión, ya\r\nque los funcionarios públicos deben tener capacidad para analizar, diseñar, planificar y\r\nformular políticas efectivas; así como gestionar eficazmente las actividades del Estado en\r\ndiversos contextos económicos y políticos, al mismo tiempo garantizar la mejora continua de\r\nlas condiciones de vida de la población.', 'Master en Políticas Públicas', 2, 1, NULL, NULL),
(9, 'none', 2, 'Maestría en Economía para el Desarrollo', 'La Facultad de Ciencias Económicas ha adquirido un compromiso académico histórico con el\r\navance del conocimiento científico de El Salvador asociado al desarrollo económico, social,\r\ninnovativo y ambiental de este país postergado en el subdesarrollo. Para contribuir a esos\r\ndesafíos en El Salvador, se hace necesario formar profesionales en esos campos, al mismo\r\ntiempo de ampliar las oportunidades de trabajo de los/as graduados/as en facilitar una\r\nrespuesta adecuada a la sociedad en el campo del desarrollo económico.', 'Master en Economía para el Desarrollo', 2, 1, NULL, NULL),
(10, 'none', 2, 'Doctorado en Ciencias Económicas', 'El Doctorado es un programa académico para la formación de investigadores capaces de generar, desarrollar y aplicar el conocimiento científico y tecnológico, a través de trabajos de investigación originales que constituyan aportes significativos al conocimiento de las Ciencias Económicas. Asimismo serán capaces de preparar y dirigir investigadores o grupos de\r\ninvestigadores.', 'Doctor(a) en Economía', 1, 1, NULL, NULL),
(11, 'none', 3, 'Maestría en Formación para la Docencia Universitaria', 'La Maestría en Formación para la Docencia Universitaria es un programa orientado a\r\nla formación de cuadros docentes altamente calificados, capaces de enfrentar los\r\ndesafíos de la educación universitaria salvadoreña, con el propósito de mejorar la\r\ncalidad académica y potenciar la innovación educativa.', 'Master en Formación para la Docencia Universitaria', 2, 1, NULL, NULL),
(12, 'none', 3, 'Maestría en Derechos Humanos y Educación para la Paz', 'El programase se dedica a la formación integral de profesionales en distintas áreas del saber.\r\nSu carácter multidisciplinario refuerza las capacidades y habilidades de quienes aspiran o se\r\ndesempeñan en ONG´s, OIG´s y OG´S. La docencia e investigación y proyección social está\r\nconfiada en un selecto grupo de maestros y doctores graduados en centros de enseñanza\r\nsuperior de El Salvador y el extranjero.', 'Master en Derechos Humanos y Educación para la Paz', 2, 1, NULL, NULL),
(13, 'none', 3, 'Maestría en Métodos y Técnicas de Investigación Social', 'La maestría tiene dentro de sus objetivos formar profesionales competentes en el dominio\r\nteórico y práctico de procesos de investigación, utilizando métodos, técnicas, herramientas y\r\nenfoques, que contribuyan al propósito de aportar a la comprensión y explicación de procesos\r\ny problemas sociales a través de la investigación social.', 'Master en Métodos y Técnicas de Investigación Social', 2, 1, NULL, NULL),
(14, 'none', 3, 'Maestría en Traducción Inglés Español – Español Ingles', 'Brinda al maestrante la posibilidad de enriquecer y ampliar sus conocimientos, mejorando su\r\ndesempeño profesional y potenciando sus competencias lingüísticas y de investigación en los\r\ncampos de la traducción e interpretación, con miras a lograr una destacada inserción en el\r\nmercado laboral. Se prevé una capacitación integral de los futuros maestros en diversas áreas\r\nde la traducción..', 'Master en Traducción Inglés Español – Español Ingles', 2, 1, NULL, NULL),
(15, 'none', 3, 'Maestría en Psicología Clínica de la Comunidad', 'La Psicología Clínica Comunitaria, es una disciplina empírica y aplicativa, que se desarrolla y se\r\nperfecciona gracias al estímulo de situaciones concretas de malestar social y a las expectativas\r\nde una mejor calidad de vida. La maestría está orientada hacia una visión sistémica de las\r\ndinámicas del mundo social, integrando los niveles de análisis individuales y de grupo, así\r\ncomo a los niveles de la comunidad, de las organizaciones y la sociedad ampliada, para la\r\nsolución de los problemas locales.', 'Master en Psicología Clínica de la Comunidad', 2, 1, NULL, NULL),
(16, 'none', 3, 'Maestría en Psicología con especialidad Jurídico Forense', 'La Maestría en Psicología con Especialidad Jurídico Forense formará expertos en la conducta\r\ncriminal para que puedan realizar informes periciales psicológicos, investigaciones de campo,\r\ncolaborar como miembro del equipo multidisciplinario en los tribunales, para la toma de\r\ndecisiones, tanto al juez, como a la fiscalía, entre otros.', 'Master en Psicología con especialidad Jurídico Forense', 2, 1, NULL, NULL),
(17, 'none', 3, 'Maestría en Estudios de Cultura Centroamericana, opción Literatura', '-', 'Master en Estudios de Cultura Centroamericana, opción Literatura', 2, 1, NULL, NULL),
(18, 'none', 3, 'Doctorado en Ciencias Sociales', 'El Doctorado en Ciencias Sociales es un programa orientado a la formación de\r\nprofesionales e investigadores altamente calificados, capaces de realizar aportes\r\noriginales dentro de las ciencias sociales de país y de la región en un marco de\r\nexcelencia académica y trabajo interdisciplinario en este campo.', 'Doctor/a en Ciencias Sociales', 1, 1, NULL, NULL),
(19, 'none', 4, 'Doctorado Regional en Ciencias Físicas', 'El Programa nace del esfuerzo conjunto de las universidades pertenecientes al CSUCA auspiciado por el Instituto Internacional de Física Teórica. Nace como un programa regional que se introducirá en las universidades del CSUCA, quienes otorgarán el grado de Doctor en Ciencias Físicas. El CSUCA otorgará una certificación que hará constar que el grado de doctor adquirido se ha obtenido en un programa diseñado por físicos de toda la región Centroamericana y de República Dominicana y es avalado y reconocido en la región.', 'Doctor/a en Ciencias Físicas', 1, 1, NULL, NULL),
(20, 'none', 5, 'Maestría en Ingeniería Estructural.', 'Orientada para la formación especializada de los profesionales en los conocimientos técnicos -\r\ncientíficos en el área de las estructuras, estudiando las nuevas técnicas y filosofías de diseño,\r\ny con el auxilio de herramientas informáticas, aplicar este conocimiento en la planeación y\r\ndiseño de diversos sistemas estructurales. Este programa ha sido diseñado para profesionales\r\nque deseen adquirir, actualizar y orientar sus conocimientos de nuevas técnicas y filosofías del\r\ndiseño y construcción de los diferentes tipos de edificaciones, tomando en cuenta los avances\r\ncientíficos y tecnológicos en este campo en específico.', 'Master en Ingeniería Estructural.', 2, 1, NULL, NULL),
(21, 'none', 5, 'Maestría en Energías Renovables y Medio Ambiente', 'El programa abarca las áreas de exploratorio de la producción energética y la evolución\r\nintegral económica, financiera y medioambiental de la producción de energía más limpia y\r\nrenovable y de todos los mercados energéticos a nivel global, sin dejar de lado el fuerte\r\nimpacto económico que la producción energética, con el aprovechamiento de los recursos\r\nnaturales tienen para el país, en conjunto con un gran componente de la concientización del\r\nimpacto medio ambiental.', 'Master en Energías Renovables y Medio Ambiente', 2, 1, NULL, NULL),
(22, 'none', 5, 'Maestría en Prevención de Riesgos Laborales', 'El programa tiene como objetivo formar profesionales competentes en materia de prevención\r\nde riesgos laborales, capaces de diseñar, implementar y gestionar los medios que garanticen\r\nla seguridad y salud ocupacional en los lugares de trabajo, tomando como referencia la\r\nlegislación y las normas en prevención de riesgos existentes, y que, a través del estudio de las\r\ndisciplinas técnicas de la salud ocupacional, sean sujetos proactivos que impulsen el\r\ndesarrollo de una cultura preventiva que propicie entornos laborales seguros y saludables', 'Master en Prevención de Riesgos Laborales', 2, 1, NULL, NULL),
(23, 'none', 8, 'Maestría en Odontopediatría', 'La formación integral del profesional maestrando en odontopediatría, se fundamentará en la visión\r\nintegral del ser humano, su contexto histórico social, y el abordaje de las enfermedades del sistema\r\nestomatognático en sus diferentes etapas, desarrollo de competencias bajo la estrategia de Aprendizaje\r\nBasado en Problemas- ABP, con una concepción teórico-práctico fundamentada en la evidencia\r\ncientífica, bioética, la filosofía preventiva y los principios de mínima intervención-invasión.', 'Master en Odontopediatría', 2, 1, NULL, NULL),
(24, 'none', 10, 'Maestría en Sistemas Integrados en Gestión de Calidad', 'La Maestría en sistemas integrados de gestión de calidad se caracteriza por permitir al participante continuar estudios formales utilizando modernas metodologías de formación, que a la vez posibilitan continuar con sus responsabilidades de trabajo, ofreciendo la oportunidad de cumplir académicamente con un programa de posgrado en el área de sistemas integrados de gestión de calidad.', 'Master en sistemas Integrados en gestión de calidad', 2, 1, NULL, NULL),
(25, 'none', 10, 'Maestría en Desarrollo Local Sostenible', 'La Maestría en Desarrollo Local Sostenible es una opción para todas las personas cuyo propósito es buscar o desarrollar las políticas y enfoques estratégicos institucionales y multisectoriales partiendo de la constatación de la enorme brecha de desarrollo, bienestar y desigualdad de género.', 'Master en Desarrollo Local Sostenible', 2, 1, NULL, NULL),
(26, 'none', 10, 'Maestría en Consultoría Empresarial', 'El programa se desarrolla desde la perspectiva de integración del directivo o empresario en el rol de los negocios, en forma amplia abordando situaciones de la realidad sobre gestión y de consultoría empresarial con un enfoque teórico y práctico. Para adquirir estas destrezas se define el programa con la intención de formar profesionales que asuman responsabilidades, que sepan cooperar entre organizaciones y con las personas, desde el conocimiento eficaz de las diferentes áreas de la empresa, entendiéndola de mejor manera y adquiriendo las competencias particulares del área relacionadas con la cooperación, la especialización, las innovaciones tecnológicas y la globalización de los mercados', 'Maestro/a en Consultoría Empresarial', 2, 1, NULL, NULL),
(27, 'none', 10, 'Maestría en Administración Financiera', 'La Maestría en Administración Financiera ofrece una propuesta de valor, orientada particularmente a profesionales salvadoreños, consistente en un programa de management: gestión superior, finanzas modernas, y liderazgo empresarial de gran calidad y prestigio, que además de satisfacer las más altas aspiraciones sea también compatible con las singulares circunstancias en que deban desarrollarlo.', 'Maestro/a en Administración  Financiera', 2, 1, NULL, NULL),
(28, 'none', 10, 'Maestría en Psicología Jurídico Forense ', 'La Maestría formará expertos en la conducta criminal para que puedan realizar informes periciales psicológicos, investigaciones de campo, colaborar como miembro del equipo multidisciplinario en los tribunales, para la toma de decisiones, tanto el juez como la fiscalía entre otros. En los procesos penales, el tribunal necesita la información que le pueden proporcionar los expertos forenses en cuanto a la capacidad procesal de acuerdo y/o su imputabilidad. También respecto a víctimas y testigos puede ser necesario evaluar la credibilidad de su testimonio', 'Maestro/a en Psicología Jurídico Forense', 2, 1, NULL, NULL),
(29, 'none', 10, 'Maestría en Derechos Humanos y Educación para la Paz', 'El programa se ha dedicado a la formación integral de profesionales en distintas áreas del saber, tales como: profesionales de las ciencias jurídicas, Sociología, Trabajo social, Psicología, Comunicaciones, Economía, Antropología, Historia, etc. Su carácter multidisciplinario refuerza las capacidades y habilidades de quienes aspiran o se desempeñan en ONG´s, OIG´s y OG´S', 'Maestro/a en Derechos Humanos y Educación para la Paz ', 2, 1, NULL, NULL),
(30, 'none', 10, 'Maestría en Cultura Centroamericana opción Literatura ', 'La Maestría en Cultura Centroamericana opción Literatura, se compone de tres áreas de estudio con relación al contenido de las acciones académicas o asignaturas. Dos áreas son de especialización y otra de formación general, complementaria a la de la especialidad porque les permite establecer un dialogo con otros campos interdisciplinarios tales como el de las ciencias sociale', 'Maestro/a en Cultura Centroamericana opción Literatura', 2, 1, NULL, NULL),
(31, 'none', 10, 'Maestría en Gestión Ambiental', 'La Maestría en Gestión Ambiental tiene como finalidad capacitar Recurso Humano con alto nivel técnico científico en las áreas del Medio Ambiente y los Recursos Naturales para que se contribuya a la solución de la problemática del medio ambiente y los Recursos Naturales a nivel nacional y regional, asi como el desarrollo de investigación científica básica y aplicada contribuyendo al avance en el conocimiento de la problemática medio ambiental  y de los recursos naturales. ', 'Maestro/a en Gestión Ambiental', 2, 1, NULL, NULL),
(32, 'none', 10, 'Maestría en Métodos y Técnicas de Investigación Social', 'La Maestría en Métodos y Técnicas de investigación Social es un proceso de especialización profesional que potencia el desempeño en la docencia, la investigación y el trabajo de acción social y está dirigido a aquellas personas que ya tienen un grado académico en cualquier disciplina profesional universitaria, potenciando los métodos clásicos: Metodología  Hipotética-Deductiva, Metodología de Investigación Operativa y Metodología de la Construcción del Objeto de Estudio', 'Maestro/a en Métodos y Técnicas de Investigación Socia', 2, 1, NULL, NULL),
(33, 'none', 10, 'Maestría en Salud Pública', 'La Maestría en salud pública tiene como objetivos contribuir a la formación integral de recurso humano en salud con elevada calidad técnica, científica y humanística, aplicando con ética, responsabilidad, creatividad, solidaridad y justicia social los conocimientos adquiridos, como agente de cambio para contribuir a la transformación de la situación de salud de la población salvadoreña, tomando en cuenta el contexto social, económico, político, cultura y ambiental en el que se desenvuelve. ', 'Maestro/a en Salud Pública ', 2, 1, NULL, NULL),
(34, 'none', 10, 'Maestría en Psicología con Especialidad Comunitaria', 'La Maestría en Psicología con Especialidad Comunitaria, un plan que incorpora nuevos paradigmas de investigación e intervención para formar profesionales con disposición a participar en proyectos de intervención, investigación y gestión de políticas sociales, con énfasis en temas comunitarios de salud mental e intervención comunitaria.', 'Maestro/a en Psicología con Especialidad Comunitaria ', 2, 1, NULL, NULL),
(35, 'none', 10, 'Maestría en Formación para la Docencia Universitaria ', 'La Maestría en Formación para la Docencia Universitaria es un programa orientado a la formación de cuadros docentes altamente calificados, capaces de enfrentar los desafíos de la educación universitaria salvadoreña, con el propósito de mejorar la calidad académica y potenciar la innovación educativa. El objetivo es impulsar la formación profesional para cubrir las necesidades institucionales de la Universidad de El Salvador y el país en el mundo contemporáneo. ', 'Maestro/a en Formación para la Docencia Universitaria ', 2, 1, NULL, NULL),
(36, 'none', 10, 'Maestría en Derecho Penal Económico ', 'La Maestría en Derecho Penal Económico permitirá, la formación de profesionales en un importante y novedoso campo de las ciencias jurídicas como lo es, el Derecho Penal Económico, permite además generar un espacio de reflexión crítica sobre las particularidades de las ciencia penales y la problemática actual vinculada a un adecuado ejercicio de la profesión en el ámbito del Derecho Penal, la posibilidad de estudiar, con la asistencia de elementos provenientes de diversas ciencias y disciplinas de las ciencias jurídicas y penales, las particularidades y exigencias actuales para todo profesionales de las ciencias jurídicas, que se desempeña como operador dentro del sistema de justicia penal salvadoreño.  Además, se plantea una formación integral que combine conocimientos, habilidades y valores para responder adecuadamente a los problemas específicos de la realidad jurídico penal actual', 'Maestro/a en Derecho Penal Económico ', 2, 1, NULL, NULL),
(37, 'none', 10, 'Maestría en Gestión Hospitalaria ', 'La Maestría en Gestión Hospitalaria, por competencias con enfoque del aprendizaje constructivo y significativo, pretende implementar las actuales formas de la Gestión Sanitaria, a través de la formación de profesionales competentes para el trabajo en equipo, el análisis de problemas, búsqueda y comunicación de soluciones, negociación y toma de decisiones en los ámbitos de la Macro, Meso y Micro gestión, estableciendo un nuevo concepto y estilo de gestión en los Hospitales del Sistema Salvadoreño de Salud, en donde se combine la necesaria sensibilidad social requerida en un sistema de carácter Estatal (entendido como garante del Derecho Universal a la Salud), que permita utilizar técnicas y herramientas que contribuyan a una mayor eficiencia y eficacia que se traduzcan en retornos al sistema en forma de ahorro y utilización más eficiente de los recursos de forma equitativa, para la mejora de la salud de la población atendida.', 'Maestro(a) en Gestión Hospitalaria ', 2, 1, NULL, NULL),
(38, 'none', 10, 'Especialidad en Medicina Pediátrica', 'La Especialidad proporciona a los residentes los conocimientos, habilidades y actitudes que se requieren para la atención integral del niño y adolescente durante el crecimiento y desarrollo, así como la identificación de los factores de riesgo que influyen en ese proceso. Comprende además la atención de enfermedades de la población infantil, sean pacientes hospitalizados, en servicios de urgencia o ambulatorios y la aplicación de medidas que contribuyen a la promoción, prevención, curación, rehabilitación de la salud.', 'Especialista en Medicina Pediátrica ', 3, 1, NULL, NULL),
(39, 'none', 10, 'Especialidad Cirugía General ', 'La cirugía general es la rama de la medicina que le corresponde la competencia en el diagnóstico y tratamiento de las patologías que se resuelven mediante la intervención de un acto quirúrgico o potencialmente quirúrgico, tanto electivo como de urgencia, de origen benigno, inflamatorio, traumático o neoplásico en los diferentes aparatos, sistemas, órganos y áreas anatómicas del cuerpo humano en la población adulta que consulta en los diferentes niveles de atención. Es considera, también una especialidad básica y eje central para la formación posterior en las distintas disciplinas quirúrgicas o especialidades derivadas. ', 'Especialista en Cirugía Genera', 3, 1, NULL, NULL),
(40, 'none', 10, 'Especialidad en Medicina Interna', 'Proporciona a los residentes los conocimientos, habilidades y actitudes que se requieren para la atención integral de pacientes adolescentes, adultos y adultos mayores hospitalizados, así como servicios de urgencia y ambulatorios, con enfoque orientado al diagnóstico y tratamiento no quirúrgico, de patologías simples o complejas que afectan a sus órganos y sistemas internos, así como su prevención, en los diferentes niveles de atención en salud.', 'Especialista en Medicina Interna', 3, 1, NULL, NULL),
(41, 'none', 10, 'Especialidad en Ginecología y Obstetricia ', 'Es una especialidad básica de contenido amplio y variado dirigida a la atención integral de la mujer a lo largo de su ciclo de vida y que comprende el estudio de los fenómenos fisiológicos y patológicos de la reproducción humana, de la gestación, parto y puerperio que provee las herramientas científicas, técnicas y humanísticas para resolver los problemas de salud de la mujer en los diferentes niveles de atención con calidez humana, respetando de los derechos sexuales y reproductivos dentro del marco legal vigente.', 'Especialista en Ginecología y Obstetricia ', 3, 1, NULL, NULL),
(42, 'none', 11, 'Maestría en Profesionalización de la Docencia Superior', 'La Maestría pretende la formación docente integral y fortalecimiento de las áreas de\r\naprendizaje del ser humano cuyo proceso educativo se va integrando consciente e\r\ninconscientemente en la personalidad; estas áreas comprenden: procesos formativos\r\ne informativos.', 'Master en Profesionalización de la Docencia Superior', 2, 1, NULL, NULL),
(43, 'none', 11, 'Maestría en Métodos y Técnicas de Investigación Social', 'Contribuir a la formación de Recurso Humano altamente calificado en el dominio de las\r\nprincipales corrientes metodológicas de investigación científica que pretenden el manejo de\r\nherramientas técnicas y procedimentales para la obtención, tratamiento y presentación de\r\ndatos, que en este caso contribuyen a investigar los diversos problemas de la realidad\r\nsalvadoreña y centroamericana para proponer soluciones creativas y relaciones a los mismos.', 'Master en Métodos y Técnicas de Investigación Social', 2, 1, NULL, NULL),
(44, 'none', 11, 'Maestría en Derecho Penal Económico', 'Contribuirá en la capacitación, actualización y profesionalización de abogados de la\r\nRepublica y docentes universitarios, profesionales en las Ciencias Jurídicas con un\r\nelevado nivel de conocimiento , análisis, comprensión y dominio de las Ciencias\r\nPenales tanto en el plano teórico y práctico, con una rigurosa formación ético\r\nmoral, que contribuya al fortalecimiento del sistema de Justicia Penal en El\r\nSalvador, la Institucionalidad Democrática y la Construcción, defensa de un estado\r\nDemocrático Constitucional de Derecho.', 'Master en Derecho Penal Económico', 2, 1, NULL, NULL),
(45, 'none', 11, 'Maestría en Derecho Administrativo y Políticas Publicas', 'Formar profesionales especializados en Derecho Administrativo y Políticas Públicas\r\ncon el fin de fortalecer el Estado de Derecho en El Salvador; profesionales con un\r\npensamiento crítico y reflexivo sobre el funcionamiento de la Administración\r\nPública.', 'Master en Derecho Administrativo y Políticas Publicas', 2, 1, NULL, NULL),
(46, 'none', 11, 'Maestría en Administración Financiera', 'Nace con el propósito fundamental de formar profesionales capaces de asimilar y poner en\r\nprácticas conocimientos, tecnologías y destrezas que les permitan interpretar el fenómeno de\r\nla Administración Financiera, gerenciar organizaciones de cualquier naturaleza, especialmente\r\nempresas privadas y organizaciones del sector público y no gubernamentales.', 'Mater en Administración Financiera', 2, 1, NULL, NULL),
(47, 'none', 11, 'Maestría en Psicología Clínica de la Comunidad', 'Orientada hacia una visión sistémica de las dinámicas del mundo social, integrando los niveles\r\nde análisis individuales y de grupo, así como a los niveles de la comunidad, de las a\r\norganizaciones y de la sociedad ampliada, para la solución de los problemas locales.\r\n&quot;El campo de la persona&quot; es un área muy familiar en Psicología, es posible considerar como\r\ncontribución particular de la Psicología Comunitaria, la recuperación de la dimensión social en\r\nel estudio de cuestiones que, desde siempre, son terreno de intervención de la Psicología\r\nClínica tradicional.', 'Master en Psicólogo Clínico de la Comunidad', 2, 1, NULL, NULL),
(48, 'none', 11, 'Maestría en Gerontología Clínica y Social', 'Se integran aspectos propios de la Medicina, Enfermería, Psicología, Pedagogía,\r\nArquitectura, Fisioterapia, Ética, entre otros, con el objetivo de propiciar la discusión, el\r\nanálisis y producción de categorías, conceptos, marcos interpretativos, así como de\r\nevaluación de gestiones públicas y privadas en función de las personas en la etapa de la vejez.', 'Master en Gerontología Clínica y Social', 2, 1, NULL, NULL),
(49, 'none', 11, 'Maestría en Gestión Ambiental', 'El profesional graduado de la Maestría en Gestión Ambiental desarrollará capacidad para\r\ninvestigar técnica y científicamente la problemática medioambiental.\r\nTambién desarrollará capacidad para integrar grupos multi e interdisciplinarios para\r\ndiagnosticar, planificar estrategias claras, proponer soluciones, gestionar y administrar\r\nproyectos en la búsqueda de coordinar esfuerzos a nivel gubernamental, no gubernamental\r\ncon instituciones públicas y privadas', 'Master en Gestión Ambiental', 2, 1, NULL, NULL),
(50, 'none', 11, 'Maestría en Salud Pública', 'La Maestría en Salud Publica persigue el objetivo de formar profesionales capaces de diseñar\r\nabordar y operar la evolución de intervenciones multisectoriales en Salud Pública analizando\r\ndeterminantes como el sistema y la promoción de la salud en armonía con las políticas de la\r\nmisma persiguiendo el propósito de la cobertura universal efectiva y de calidad garantizando\r\nla salud de la población (y que estos mismos procesos incidan en ellos adaptarse a estilos de\r\nvida más sanos) haciendo uso racional de los servicios de salud.', 'Master en Salud Pública', 2, 1, NULL, NULL),
(51, 'none', 11, 'Medicina Interna', 'Los programas de Especialidades Médicas están diseñados para profesionales que puedan ser\r\ncapaces de ejercer su profesión en ámbitos públicos y privados, aptos para desempeñarse\r\nbajo los estándares de calidad y seguridad del paciente; comprometido con su permanente\r\nactualización en el estado del arte de su especialidad, capaz de formar a otros profesionales\r\nde la salud, y con sentido humano que engloba el respeto por la dignidad de la persona.', 'Doctor en Medicina Interna', 1, 1, NULL, NULL),
(52, 'none', 11, 'Medicina Pediátrica', 'Los programas de Especialidades Médicas están diseñados para profesionales que puedan ser\r\ncapaces de ejercer su profesión en ámbitos públicos y privados, aptos para desempeñarse\r\nbajo los estándares de calidad y seguridad del paciente; comprometido con su permanente\r\nactualización en el estado del arte de su especialidad, capaz de formar a otros profesionales\r\nde la salud, y con sentido humano que engloba el respeto por la dignidad de la persona.', 'Doctor en Pediatría', 1, 1, NULL, NULL),
(53, 'none', 11, 'Ginecología y Obstetricia', 'Los programas de Especialidades Médicas están diseñados para profesionales que puedan ser\r\ncapaces de ejercer su profesión en ámbitos públicos y privados, aptos para desempeñarse\r\nbajo los estándares de calidad y seguridad del paciente; comprometido con su permanente\r\nactualización en el estado del arte de su especialidad, capaz de formar a otros profesionales\r\nde la salud, y con sentido humano que engloba el respeto por la dignidad de la persona.', 'Doctor en Ginecología y Obstetricia', 1, 1, NULL, NULL),
(54, 'none', 11, 'Cirugía General', 'Los programas de Especialidades Médicas están diseñados para profesionales que puedan ser\r\ncapaces de ejercer su profesión en ámbitos públicos y privados, aptos para desempeñarse\r\nbajo los estándares de calidad y seguridad del paciente; comprometido con su permanente\r\nactualización en el estado del arte de su especialidad, capaz de formar a otros profesionales\r\nde la salud, y con sentido humano que engloba el respeto por la dignidad de la persona.', 'Doctor en Cirugía General', 1, 1, NULL, NULL),
(55, 'none', 11, 'Cirugía Pediátrica', 'Especialidad cuyo fundamento es la aplicación del saber y quehacer médico-quirúrgico en la\r\netapa del ciclo vital humano, desde el período perinatal hasta el fin de la adolescencia. Su\r\ncampo de acción abarca todos los aspectos de la Cirugía y comprende la atención de\r\nenfermedades médico quirúrgicas de la población infantil, sean pacientes hospitalizados, en\r\nservicios de urgencias o ambulatorios, y la aplicación de medidas que contribuyan a la\r\npromoción, prevención, curación y rehabilitación.', 'Cirujano Pediátrico', 1, 1, NULL, NULL),
(56, 'none', 11, 'Ortopedia y Traumatología', 'La Ortopedia y Traumatología es una disciplina de las ciencias Médicas que se dedica al\r\nestudio de las lesiones del aparato locomotor, del campo específico del actuar quirúrgico que\r\nestudia (diagnóstico, tratamiento, evaluación, retroalimentación, aprendizaje y enseñanza)\r\npatologías tanto de origen traumático como de origen adquirida por componente familiar o\r\ngenéticos especialmente de aquellas que precisan tratamiento con cirugía, prótesis u órtesiso\r\nsecundario a enfermedades degenerativo-deformantes.', 'Doctor Ortopeda y Traumatólogo', 1, 1, NULL, NULL),
(57, 'none', 12, 'Maestría en Administración Financiera', 'Tiene como objetivo especializar a profesionales que estén vinculados en áreas como la\r\nAdministración y la Finanzas o carreras afines. Para ello se tiene como propósito presentar\r\nestudios de educación superior que sean acordes a las necesidades de la región y al mismo\r\ntiempo puedan ser accesibles a los interesados.', 'Master en Administración Financiera', 2, 1, NULL, NULL),
(58, 'none', 12, 'Maestría en Desarrollo Local Sostenible', 'La Maestría ofrece la oportunidad de adquirir conocimientos actualizados sobre las bases\r\ncientíficas, aspectos teóricos, metodológicos y prácticos para investigar, manejar y evaluar las\r\ndiferentes dimensiones del desarrollo sostenible de los territorios de una manera holística y\r\nsistémica. La idea innovadora de la maestría es formar talentos humanos como “Gestores” de\r\nlos procesos de reflexión, empoderamiento y acciones de intervención en los territorios que\r\npropicien el Desarrollo Humano de manera integral, integrada y con un enfoque integrador.', 'Master en Desarrollo Local Sostenible', 2, 1, NULL, NULL),
(59, 'none', 12, 'Maestría en Formación para la Docencia Universitaria', 'El modelo educativo centrado en el aprendizaje, exige que se revise la práctica docente, y se\r\nfundamente una nueva forma de enseñanza basada en los paradigmas de aprender-aprender,\r\nla educación inclusiva vista bajo la óptica de formar estudiantes críticos y participativos, que\r\nasuman su propio desarrollo autónomo. La Universidad debe de transformarse en un centro\r\nque permita formar a nuevos docentes universitarios que se reconozcan a sí mismos como\r\nun facilitador del proceso de aprendizaje y no solamente un reproductor de ideas y de\r\nconocimiento.', 'Master en Docencia Universitaria', 2, 1, NULL, NULL),
(60, 'none', 12, 'Doctorado en Educación con Especialidad en Cultura de Paz y Derechos Humanos', 'El Doctorado considera como su objeto general de conocimiento el estudio crítico de la paz y los\r\nderechos humanos. El Plan hace énfasis en el desarrollo de capacidades y habilidades de\r\ninvestigación de las y los educadores, profesionales diversos, a través de la adquisición de\r\nsaberes teóricos y de saberes técnico-metodológicos que orienten, tanto las prácticas de aula,\r\ncomo la reflexión científica y el desarrollo de propuestas para hacer de los procesos de\r\nenseñanza, núcleos de reflexión sobre la paz y los derechos humanos y búsqueda de\r\nalternativas para su práctica en comunidad.', 'Doctor (a) en Educación con Especialidad en Cultura de Paz y Derechos Humanos', 1, 1, NULL, NULL);
COMMIT;

INSERT INTO `diplomados` (`id`, `facultad_id`, `nombre`, `duracion`, `tipo_duracion_id`, `modalidad_id`, `ofertado`, `created_at`, `updated_at`) VALUES
(1, 8, 'Curso de Cariología contemporánea y biomateriales de última generación ', 1, 5, 3, 1, NULL, NULL),
(2, 9, 'Curso de Posgrado en Productos Naturales', 200, 3, 3, 1, NULL, NULL),
(3, 9, 'Curso de Posgrado en Farmacovigilancia', 200, 3, 3, 1, NULL, NULL),
(4, 9, 'Diplomado en Química Aplicada a la Criminalística.', 200, 3, 3, 1, NULL, NULL),
(5, 9, 'Diplomado en Marketing Farmacéutico ', 200, 3, 3, 1, NULL, NULL),
(6, 9, 'Diplomado en Lean Manufacturing', 200, 3, 3, 1, NULL, NULL),
(7, 10, 'Diplomado en Legislación Aduanera', 10, 1, 1, 1, NULL, NULL),
(8, 10, 'Diplomado en Higiene y Seguridad Ocupacional', 4, 1, 1, 1, NULL, NULL),
(9, 10, 'Diplomado en Emprendimiento de Nuevos Negocios', 10, 1, 1, 1, NULL, NULL),
(10, 10, 'Diplomado en Formulación y Evaluación de Proyectos para el Desarrollo Social', 3, 1, 1, 1, NULL, NULL),
(11, 10, 'Diplomado en Redacción y Edición de Textos Académicos', 160, 3, 1, 1, NULL, NULL),
(12, 10, 'Diplomado en Fundamentos Básicos de atención psicosocial a la familia', 10, 1, 1, 1, NULL, NULL),
(13, 10, 'Diplomado en Trastorno del espectro autista: Familia, Educación y Sociedad', 5, 1, 1, 1, NULL, NULL),
(14, 10, 'Diplomado en Normas APA 7° ed', 3, 1, 1, 1, NULL, NULL),
(15, 10, 'Diplomado de Anestesia en Emergencias Obstétricas', 3, 1, 1, 1, NULL, NULL),
(16, 10, 'Diplomado en Formación Pedagógica de la Educación Superior', 6, 1, 1, 1, NULL, NULL),
(17, 10, 'Diplomado en Derecho y Práctica Notarial', 10, 1, 1, 1, NULL, NULL),
(18, 10, 'Diplomado en Liderazgo Social', 1, 6, 1, 1, NULL, NULL),
(19, 10, 'Diplomado en Didáctica de la Docencia Superior Universitaria', 0, 9, 1, 1, NULL, NULL),
(20, 10, 'Diplomado en Sangre Segura, Inmunohematología y Transfusión', 10, 1, 1, 1, NULL, NULL),
(21, 10, 'Diplomado en Técnicas de oralidad y argumentación jurídica a la luz del nuevo Código Procesal Civil y Mercantil', 10, 1, 1, 1, NULL, NULL),
(22, 10, 'Diplomado en informática aplicada', 10, 1, 1, 1, NULL, NULL),
(23, 10, 'Diplomado en la Promoción de los derechos de la primera infancia', 0, 9, 1, 1, NULL, NULL),
(24, 10, 'Diplomado ISO 9001:2008', 0, 9, 1, 1, NULL, NULL),
(25, 10, 'Diplomado en implantación de sistemas de Gestión de la calidad con formación de auditor interno ISO 9001:2015', 5, 1, 1, 1, NULL, NULL),
(26, 10, 'Diplomado en nociones teórico prácticas de Derecho Familiar', 8, 1, 1, 1, NULL, NULL),
(27, 10, 'Diplomado en Gestión de programas y políticas para la protección de los derechos de la Niñez y Adolescencia', 0, 9, 1, 1, NULL, NULL),
(28, 10, 'Diplomado en Métodos y Técnicas de Investigación ', 10, 1, 1, 1, NULL, NULL),
(29, 10, 'Diplomado en Filosofía', 10, 1, 1, 1, NULL, NULL),
(30, 10, 'Diplomado Superior de Teatro', 0, 9, 1, 1, NULL, NULL),
(31, 10, 'Diplomado en Fundamentos Jurídicos para la gestión de los Consejos Municipales', 2, 1, 1, 1, NULL, NULL),
(32, 10, 'Diplomado de Procedimientos Legales, Administrativos y Tributarios en Catastro de Empresas', 28, 4, 1, 1, NULL, NULL),
(33, 10, 'Diplomado en Acceso a la Información Pública en los Gobiernos Locales', 4, 1, 1, 1, NULL, NULL),
(34, 10, 'Programa de Extensión de Idiomas (inglés y francés)', 20, 8, 1, 1, NULL, NULL),
(35, 5, 'Diplomado en Prevención de Riesgos Laborales', 4, 1, 2, 1, NULL, NULL),
(36, 5, 'Diplomado en Finanzas Imprescindibles para la toma de decisiones', 4, 1, 2, 1, NULL, NULL),
(37, 5, 'Diplomado en Fabricación Digital', 3, 1, 2, 1, NULL, NULL),
(38, 5, 'Diplomado en Mantenimiento Basado en Confiabilidad', 0, 9, 2, 1, NULL, NULL),
(39, 5, 'Diplomado en Buenas Prácticas de Manufactura ', 5, 1, 2, 1, NULL, NULL),
(40, 7, 'Cirugía Oncológica', 3, 7, 3, 1, NULL, NULL),
(41, 7, 'Cirugía Plástica', 3, 7, 3, 1, NULL, NULL),
(42, 7, 'Cirugía Vascular Periférica', 3, 7, 3, 1, NULL, NULL),
(43, 7, 'Endocrinología', 3, 7, 3, 1, NULL, NULL),
(44, 7, 'Ginecología Oncológica', 3, 7, 3, 1, NULL, NULL),
(45, 7, 'Hematología', 3, 7, 3, 1, NULL, NULL),
(46, 7, 'Infectología', 3, 7, 3, 1, NULL, NULL),
(47, 7, 'Medicina Física y Rehabilitación', 3, 7, 3, 1, NULL, NULL),
(48, 7, 'Medicina Materno Fetal', 3, 7, 3, 1, NULL, NULL),
(49, 7, 'Nefrología', 3, 7, 3, 1, NULL, NULL),
(50, 7, 'Neurocirugía', 3, 7, 3, 1, NULL, NULL),
(51, 7, 'Neurología', 3, 7, 3, 1, NULL, NULL),
(52, 7, 'Nefrología', 3, 7, 3, 1, NULL, NULL),
(53, 7, 'Oftalmología', 3, 7, 3, 1, NULL, NULL),
(54, 7, 'Oncología', 3, 7, 3, 1, NULL, NULL),
(55, 7, 'Oncología Clínica', 3, 7, 3, 1, NULL, NULL),
(56, 7, 'Otorrinolaringología', 3, 7, 3, 1, NULL, NULL),
(57, 7, 'Patología ', 3, 7, 3, 1, NULL, NULL),
(58, 7, 'Urología', 3, 7, 3, 1, NULL, NULL);
COMMIT;